{"peo6": {"y": 295.76598184291345, "x": 710.9838319269398}, "peo2": {"y": 306.6619594931449, "x": 510.74990615126904}, "cro4": {"y": 222.08560147477425, "x": 715.745195588427}, "cro5": {"y": 223.1166448675033, "x": 504.99963473063053}, "cro3": {"y": 184.0623448900077, "x": 628.8898387215016}, "cer7": {"y": 307.5069974547441, "x": 790.1939957092908}, "ctr8": {"y": 90.13756459348829, "x": 636.8740581656415}, "cer1": {"y": 309.0419737249052, "x": 394.912309042003}}