{"peo6": {"y": 314.6067285068642, "x": 783.6006134795699}, "peo2": {"y": 141.04419569914353, "x": 387.50781420752736}, "cro4": {"y": 141.94785158431512, "x": 779.4243545931804}, "cro5": {"y": 312.4609267524231, "x": 382.49015177001036}, "cro3": {"y": 224.59539746009813, "x": 575.3682051001744}, "cer7": {"y": 367.9796446382975, "x": 936.7048046263789}, "ctr8": {"y": 47.894628781002524, "x": 681.2666264693654}, "cer1": {"y": 122.01785979814628, "x": 234.09177700003897}}