{
  "firewall": {
    "y": 164.57740801930566,
    "x": 661.4552022895572
  },
  "vnf_click_vdu_vlan": {
    "y": 121.260364167928,
    "x": 679.0975529450718
  },
  "vnf_ext_cp_firewall2": {
    "y": 114.2466232829853,
    "x": 876.3378243110217
  },
  "vl1": {
    "y": 250.4542023757245,
    "x": 544.864812638005
  },
  "vl3": {
    "y": 230.34285258313503,
    "x": 326.0672939364932
  },
  "vl2": {
    "y": 242.1051772794964,
    "x": 782.8478704950912
  },
  "ping": {
    "y": 241.41098860681996,
    "x": 915.336802899447
  },
  "vnf_vdu_cp_ouut": {
    "y": 250.40384394503337,
    "x": 342.799979380456
  },
  "vnf_vdu_cp_k4ze": {
    "y": 198,
    "x": 623.5943983428394
  },
  "intVirtualLink12": {
    "y": 115.83854073021635,
    "x": 426.522383255255
  },
  "intVirtualLink11": {
    "y": 180.69959623289844,
    "x": 871.4644431705223
  },
  "vlan": {
    "y": 170.62726262450906,
    "x": 464.9441309482976
  },
  "vnf_vdu_cp_ouut2": {
    "y": 238.7899774123647,
    "x": 581.5072297912756
  },
  "vnf_vdu_cp_y2bv1": {
    "y": 287.78185217634007,
    "x": 514.0717126858725
  },
  "vnf_ext_cp_vlan": {
    "y": 338.8012883290308,
    "x": 912.6302281517801
  },
  "vnf_vl22": {
    "y": 197.34688180661493,
    "x": 735.9159630156535
  },
  "vnf_vl": {
    "y": 218,
    "x": 408.4594876047628
  },
  "vnf_click_vdu_ping": {
    "y": 85,
    "x": 662.1748553707622
  },
  "vnf_vl2": {
    "y": 181,
    "x": 227.18597049604347
  },
  "vnf_ext_cp_firewall": {
    "y": 319,
    "x": 109.23902059417992
  },
  "vnf_ext_cp_vlan2": {
    "y": 174.30001411785548,
    "x": 252.80594522865727
  },
  "vnf_vdu_cp_y2bv": {
    "y": 253,
    "x": 726.0029201042812
  },
  "vnf_click_vdu_fwall": {
    "y": 93.77612563375226,
    "x": 412.37868740956026
  },
  "vnf_ext_cp_ping": {
    "y": 217,
    "x": 187.36006640212247
  },
  "sap1": {
    "y": 237.13310125067474,
    "x": 156.68240313520567
  }
}