{"Null@1": {"y": 109.04280922400785, "x": 484.2315291474073}, "pingsink": {"y": 316.6118506839044, "x": 429.5095705297218}, "firewall": {"y": 164.57740801930566, "x": 661.4552022895572}, "vnf_click_vdu_vlan": {"y": 90.260364167928, "x": 623.0975529450718}, "vnf_vdu_testvm": {"y": 58.99944447064033, "x": 916.2549638722807}, "ToDevice@2": {"y": 194.6688817848305, "x": 257.2595346313019}, "vnf_vdu_cp_to07": {"y": 209.07822488698244, "x": 885.0827330067423}, "vnf_ext_cp_firewall2": {"y": 114.2466232829853, "x": 876.3378243110217}, "vl1": {"y": 250.4542023757245, "x": 544.864812638005}, "VLANEncap@4": {"y": 105.98175363233076, "x": 518.251689513929}, "vl3": {"y": 230.34285258313503, "x": 326.0672939364932}, "vl2": {"y": 242.1051772794964, "x": 782.8478704950912}, "pingc": {"y": 30.585415430441998, "x": 415.51305785449273}, "Print@0": {"y": 33.41168509028562, "x": 258.1920682605515}, "vnf_vdu_cp_ouut": {"y": 250.40384394503337, "x": 342.799979380456}, "ToDevice@5": {"y": 105.9526841656243, "x": 797.314749070885}, "CheckIPHeader@4": {"y": 88.01774100428935, "x": 536.9137762192707}, "ping": {"y": 241.41098860681996, "x": 915.336802899447}, "testvm": {"y": 114.99999237060547, "x": 309.1644005407313}, "Discard@7": {"y": 34.550064446926484, "x": 633.8619666685382}, "ICMPPingResponder@5": {"y": 158.6257564910258, "x": 543.9721215518246}, "vnf_vdu_cp_k4ze": {"y": 198, "x": 623.5943983428394}, "Discard@0": {"y": 397.66009431240417, "x": 491.5022343899003}, "arpq": {"y": 117.50479139558922, "x": 302.1191231994858}, "arpr": {"y": 201.7777624130249, "x": 417.8767551251298}, "intVirtualLink12": {"y": 196.83854073021635, "x": 396.522383255255}, "intVirtualLink11": {"y": 201.69959623289844, "x": 865.4644431705223}, "vnf_ext_cp_vlan": {"y": 202.80127307024173, "x": 1007.6302281517801}, "vnf_vdu_cp_ouut2": {"y": 238.7899774123647, "x": 581.5072297912756}, "vnf_ext_cp_testvm": {"y": 353.84428856968304, "x": 421.58137080969277}, "vnf_vdu_cp_y2bv1": {"y": 160.781836917551, "x": 556.0717126858725}, "vlan": {"y": 170.62726262450906, "x": 464.9441309482976}, "FromDevice@3": {"y": 108.30084172288542, "x": 251.38719919208756}, "fwsource1": {"y": 109.77034356881477, "x": 303.4656441747204}, "vnf_vl22": {"y": 197.34688180661493, "x": 735.9159630156535}, "int_vl_testvm": {"y": 119.90328348285225, "x": 594.3902449473978}, "vnf_vl2": {"y": 181, "x": 227.18597049604347}, "vnf_vl": {"y": 205, "x": 441.4594876047628}, "vnf_click_vdu_ping": {"y": 85, "x": 662.1748553707622}, "ARPPrint@1": {"y": 109.01012054788015, "x": 424.3417581069689}, "VLANDecap@1": {"y": 193.57980865393614, "x": 515.6510482315076}, "pingsource": {"y": 35, "x": 157.98711445686143}, "vnf_vl_testvm": {"y": 251.6898819137084, "x": 635.6538769583874}, "vnf_ext_cp_firewall": {"y": 319, "x": 109.23902059417992}, "FromDevice@0": {"y": 189.18191262670928, "x": 793.3578161964269}, "vnf_ext_cp_vlan2": {"y": 202.30001411785548, "x": 250.80594522865727}, "fwc": {"y": 233.29653699365764, "x": 487.6710614780649}, "Idle@2": {"y": 122.94647255328624, "x": 147.4400835648023}, "fwsource0": {"y": 235.04223090196712, "x": 296.5354467673456}, "ARPPrint@3": {"y": 213.91722791738522, "x": 313.3029433192032}, "fwsink1": {"y": 108.01675643760987, "x": 694.0495845064827}, "fwsink0": {"y": 231.95303024228036, "x": 684.8876339721494}, "vnf_click_vdu_fwall": {"y": 93.77612563375226, "x": 412.37868740956026}, "EtherMirror@6": {"y": 233.80527136778153, "x": 541.6528157093355}, "vnf_vdu_cp_y2bv": {"y": 169, "x": 703.0029201042812}, "vnf_ext_cp_ping": {"y": 207, "x": 251.36006640212247}, "sap1": {"y": 237.13310125067474, "x": 156.68240313520567}, "fwprint": {"y": 310.06657495015594, "x": 489.9860256178928}}