{"R1": {"y": 187.40922400713623, "x": 276.8397406611128}, "S1": {"y": 233.4015342805272, "x": 153.87812671444294}, "R2": {"y": 193, "x": 488}, "S2": {"y": 277, "x":701 }}