{"Router_iot5": {"y": 187.40922400713623, "x": 276.8397406611128}, "Host_gpiq": {"y": 233.4015342805272, "x": 153.87812671444294}, "Router_rcci": {"y": 193, "x": 488}, "Host_r5x5": {"y": 277, "x":701 }}