{"Router_iot5": {"y": 295.76598184291345, "x": 710.9838319269398}, "Host_gpiq": {"y": 306.6619594931449, "x": 510.74990615126904}, "Router_rcci": {"y": 222.08560147477425, "x": 715.745195588427}, "Host_r5x5": {"y": 223.1166448675033, "x": 504.99963473063053}}