{"fhaul1_fb": {"y": 173.24983982975442, "x": 433.9878123331629}, "switch1": {"y": 366.7967040503697, "x": 381.89859188357093}, "epc1": {"y": 268.6586686862765, "x": 189.23245902342327}, "epc1_fb": {"y": 164.337592293262, "x": 331.03880347544236}, "enb1_fb": {"y": 173.71651466356752, "x": 622.280909912256}, "bbu1": {"y": 265.05654025295814, "x": 511.9766609810449}, "rrh1": {"y": 288.5083483113476, "x": 659.3936655243763}, "cran1_fb": {"y": 61.19383162160628, "x": 457.69537986241687}}