{"ToDevice@4": {"y": 57.97237996664607, "x": 586.9814239796021}, "intVirtualLink21": {"y": 309.5101679964764, "x": 526.1931508268025}, "Queue@3": {"y": 191.55006897554298, "x": 589.4032270914561}, "Queue@7": {"y": 102.8407954779617, "x": 902.3618310123194}, "s0.t": {"y": 121.09681763786041, "x": 717.4823220997897}, "s0.rs": {"y": 113.60930835756945, "x": 624.7712476340505}, "ToHost@3": {"y": 307, "x": 586.6508271152037}, "vnf2": {"y": 365, "x": 548.8654485490949}, "VnfExtCp21": {"y": 402.60282759519725, "x": 517.7249802782486}, "vl1": {"y": 241.92192286489444, "x": 264.0903521200257}, "VduCp22": {"y": 181.32325134677512, "x": 519.5466979856353}, "vl3": {"y": 112.55141305478026, "x": 544.863877272587}, "vl2": {"y": 261.7983804704935, "x": 537.8895903034822}, "FromHost@0": {"y": 31.177375969071335, "x": 319.43860141935926}, "vl4": {"y": 237.25366485736367, "x": 836.8080305624215}, "VduCp21": {"y": 195.50827139609896, "x": 425.33891265489603}, "out": {"y": 315, "x": 904.39450217802}, "vdu21": {"y": 86.16711210671468, "x": 417.1811431528532}, "vdu22": {"y": 74.52782800087573, "x": 518.3424983647335}, "vdu23": {"y": 95.89186589381109, "x": 650.7139917899943}, "udp_mon": {"y": 62.48355026365334, "x": 829.9242532733558}, "s1.rs": {"y": 154.34527560880719, "x": 837.3967503580989}, "ToDevice@8": {"y": 20, "x": 912.2992674650429}, "s1": {"y": 182.28593835125693, "x": 893.8796637369367}, "s0": {"y": 303.42198988500184, "x": 585.3258253853546}, "sampler4": {"y": 72.30902769733675, "x": 520.7877247607331}, "ToDevice@1": {"y": 329, "x": 993.5491031366329}, "intVirtualLink31": {"y": 285.8410669229787, "x": 670.6721399286885}, "Discard@4": {"y": 301, "x": 450.20202889600296}, "Discard@1": {"y": 74.0394653629105, "x": 386.9874081652563}, "demo": {"y": 71.73670402918378, "x": 667.8920047491167}, "intVirtualLink11": {"y": 241, "x": 523.4048091321025}, "VduCp11": {"y": 160, "x": 521.5322282359365}, "ToHostSniffers@5": {"y": 349.6561234841392, "x": 737.9490934597944}, "ToHostSniffers@9": {"y": 148.5396951226253, "x": 968.1315120269945}, "VnfExtCp13": {"y": 354, "x": 526.7972974763513}, "VnfExtCp12": {"y": 341, "x": 386.45643620901626}, "VnfExtCp11": {"y": 328, "x": 661.7128273653844}, "VnfExtCp31": {"y": 386.3398612747119, "x": 562.6243161580244}, "VnfExtCp33": {"y": 374.89982364912726, "x": 853.97132862057}, "VnfExtCp32": {"y": 391.5495359143793, "x": 678.4057048590555}, "VduCp31": {"y": 174.0905667491217, "x": 665.5163687794703}, "c1": {"y": 217, "x": 680.4968043191101}, "c0": {"y": 147.13427015014815, "x": 528.0955761958908}, "PollDevice@0": {"y": 80, "x": 425.2507863435651}, "PollDevice@2": {"y": 325.580294514766, "x": 414.9561782142825}, "VduCp23": {"y": 210.92179852182818, "x": 621.2755230391424}, "ARPResponder@2": {"y": 346, "x": 701.4537323636171}, "udp_block": {"y": 203.3723443930221, "x": 936.2376442689585}, "CheckIPHeader@6": {"y": 69.99581945189857, "x": 722.9443763457431}, "Strip@5": {"y": 33.422240244761866, "x": 558.8530703570032}, "vnf3": {"y": 236.9189131292505, "x": 710.43128103542}, "s1.t": {"y": 71.36954264406668, "x": 971.1138171276841}, "vnf1": {"y": 233.78839520689047, "x": 410.13546278061676}, "Print@7": {"y": 253, "x": 803.7250111538283}, "PollDevice@6": {"y": 335.88337253758175, "x": 896.459780718995}, "Print@8": {"y": 188.6868325893994, "x": 753.1910031659689}, "Print@9": {"y": 409, "x": 905.1181315070044}, "sap1": {"y": 244.42679992938406, "x": 85.93394442769932}, "sap2": {"y": 244.33758260133928, "x": 979.8059936680621}}