{"r1": {"y": 187.40922400713623, "x": 276.8397406611128}, "r2": {"y": 233.4015342805272, "x": 153.87812671444294}, "r3": {"y": 193, "x": 488}}