{"intVirtualLink21": {"y": 309.96432230916145, "x": 419.72487786757256}, "VduCp23": {"y": 293.55697607770395, "x": 593.5240225917682}, "VnfExtCp21": {"y": 400.1537057324461, "x": 291.23789459176714}, "vl1": {"y": 237.16810023394612, "x": 313.9668003175457}, "VduCp22": {"y": 219.98397944682438, "x": 446.5125867509304}, "vl3": {"y": 293.12909376637697, "x": 542.5124898752955}, "vl2": {"y": 234.7592689054718, "x": 614.9914850206177}, "vl4": {"y": 293.5529074180995, "x": 701.9774486545895}, "VduCp21": {"y": 234.86876196681135, "x": 272.25777671809425}, "vdu21": {"y": 139.09531439484527, "x": 215.321020894968}, "vdu22": {"y": 117.21466739307812, "x": 499.35221982056737}, "vdu23": {"y": 231.0358518493406, "x": 696.5171674136565}, "intVirtualLink11": {"y": 225.93672669028794, "x": 498.21892700254523}, "VduCp11": {"y": 130.0462441858632, "x": 496.1677749758069}, "intVirtualLink31": {"y": 180.45176045967983, "x": 546.9972272872568}, "VnfExtCp13": {"y": 321.95833139824066, "x": 498.02985500540535}, "VnfExtCp12": {"y": 229.98153703684773, "x": 738.6102886658684}, "VnfExtCp11": {"y": 234.64616028515178, "x": 248.44535757111453}, "VnfExtCp31": {"y": 196.17553243044128, "x": 345.9465975284154}, "VnfExtCp33": {"y": 291.0111686763656, "x": 552.9998011924829}, "VnfExtCp32": {"y": 188.0124945804555, "x": 706.3783104279429}, "VduCp31": {"y": 98.04175551906451, "x": 545.7606054600927}, "k8stemplate0": {"y": 104.28176310214059, "x": 315.27568752212005}, "k8stemplate1": {"y": 58.872640940972616, "x": 407.3961852142073}, "vnf2": {"y": 126.73370159095384, "x": 615.146162553339}, "vnf3": {"y": 348.6723078019801, "x": 615.376319915836}, "vnf1": {"y": 236.8408218926353, "x": 442.3586722439502}, "sap1": {"y": 239.23369528627455, "x": 151.9907925282057}, "sap2": {"y": 232.6370619949614, "x": 784.5091891897561}}