{"s0": {"y": 316.92846603015926, "x": 576.774600445296}, "ToHostSniffers@5": {"y": 218.5120784189076, "x": 483.5863638754355}, "ToDevice@8": {"y": 127.0178317630799, "x": 853.5900572513061}, "ToHostSniffers@9": {"y": 74.88681993043468, "x": 758.9536546485646}, "Queue@3": {"y": 335.2665096261581, "x": 645.4994547256679}, "s1": {"y": 138.22688364138838, "x": 576.3763002621481}, "ToDevice@4": {"y": 418.59681842876967, "x": 729.1076791128556}, "Queue@7": {"y": 170.06382605327593, "x": 714.216807682549}, "s0.t": {"y": 194.69699813722116, "x": 469.2075177283798}, "s0.rs": {"y": 121.9544378775314, "x": 645.3232328414197}, "Discard@1": {"y": 249.44459308327964, "x": 686.4693874466483}, "PollDevice@6": {"y": 20, "x": 591.7271000446275}, "FromHost@0": {"y": 307.63557072260426, "x": 793.5310605572625}, "PollDevice@2": {"y": 334.7190417892124, "x": 461.8420088267428}}