{"arp": {"y": 190.485077257334, "x": 296.4759753361898}, "arr": {"y": 356.64076057448545, "x": 230.4298339945309}, "Discard@24": {"y": 20, "x": 924.8770651580576}, "Queue@1": {"y": 279.37849568966885, "x": 367.6863121896504}, "Discard@22": {"y": 30, "x": 111.39054723862068}, "Discard@20": {"y": 54.72153452598792, "x": 343.01329311730103}, "Queue@5": {"y": 332.84557272188835, "x": 385.16527576454655}, "at": {"y": 395.7413932052359, "x": 970.0089852294508}, "Print@25": {"y": 410.08099832044593, "x": 1063.3587406984896}, "CheckIPHeader@28": {"y": 334.9249693828963, "x": 452.79803960474555}, "rt": {"y": 120.22694358198379, "x": 1183.5749370619153}, "GetIP6Address@27": {"y": 158.5188611105264, "x": 811.1944694235573}, "pt46": {"y": 393.10876301061245, "x": 640.9171909692208}, "CheckIP6Header@3": {"y": 225.88226550148244, "x": 72.70826288244643}, "pt64": {"y": 334.6514615405406, "x": 545.7417404559767}, "GetIPAddress@29": {"y": 175.27726908302475, "x": 938.5925461014735}, "Discard@16": {"y": 20, "x": 732.6975271755208}, "Discard@14": {"y": 20, "x": 1001.7914915754575}, "Discard@11": {"y": 284.31588459657115, "x": 507.6804368594479}, "GetIPAddress@8": {"y": 269.4762248118483, "x": 1007.2595376409926}, "ICMP6Error@23": {"y": 33.355988017337374, "x": 839.5931174437064}, "ICMP6Error@21": {"y": 150.19726395146498, "x": 167.13081485159842}, "Discard@18": {"y": 73.38588766828912, "x": 956.7998529419569}, "FromDevice@0": {"y": 445, "x": 620.1777286004391}, "rt6": {"y": 32.343590586962875, "x": 510.4731005284559}, "CheckIP6Header@26": {"y": 255.13870011065842, "x": 912.538334939935}, "Print@30": {"y": 445, "x": 710.1212324355864}, "Print@31": {"y": 165.82076165975707, "x": 367.10020549782223}, "dt1": {"y": 358.9475905211224, "x": 1162.889663953625}, "Print@15": {"y": 20, "x": 657.1605757477416}, "c": {"y": 388.3074803018629, "x": 32.84335998136737}, "Print@17": {"y": 122.63703326148689, "x": 966.0870307303807}, "Print@10": {"y": 321.9340197187646, "x": 672.014545148478}, "GetIP6Address@4": {"y": 196.30774391094505, "x": 612.5305496970556}, "to_eth0": {"y": 142.19693765335384, "x": 521.1578894292189}, "Print@13": {"y": 87.99599956658668, "x": 1068.8532326612683}, "nda": {"y": 306.56165473953456, "x": 247.26995788064187}, "CheckIPHeader@7": {"y": 445, "x": 657.1433090966536}, "Print@19": {"y": 45.811204256989015, "x": 427.2209728527861}, "DropBroadcasts@12": {"y": 284.6177056857307, "x": 1171.3231822027226}, "fr1": {"y": 369.61882282162514, "x": 1098.4281805762107}, "Strip@6": {"y": 445, "x": 176.28457758518732}, "Discard@9": {"y": 386.9164586431045, "x": 704.0408484824063}, "Strip@2": {"y": 284.7014656252371, "x": 31.59858483325604}, "nds": {"y": 119.54183097367505, "x": 294.11009946438014}, "dh2": {"y": 112.395336343379, "x": 879.6124306677056}, "dh1": {"y": 26.917686501902182, "x": 286.53230527743517}}