{"arp": {"y": 190.485077257334, "x": 296.4759753361898}, "arr": {"y": 336.64076057448545, "x": 216.4298339945309}, "Discard@24": {"y": 20, "x": 924.8770651580576}, "Queue@1": {"y": 245.37849568966885, "x": 347.6863121896504}, "Discard@22": {"y": 97, "x": 144.39054723862068}, "Discard@20": {"y": 83.72153452598792, "x": 359.01329311730103}, "Queue@5": {"y": 307.84557272188835, "x": 367.16527576454655}, "at": {"y": 356.7413932052359, "x": 897.0089852294508}, "Print@25": {"y": 366.08099832044593, "x": 994.3587406984896}, "CheckIPHeader@28": {"y": 273.9249693828963, "x": 494.79803960474555}, "rt": {"y": 120.22694358198379, "x": 1183.5749370619153}, "GetIP6Address@27": {"y": 108.51886111052639, "x": 722.1944694235573}, "dt1": {"y": 335.9475905211224, "x": 1087.889663953625}, "CheckIP6Header@3": {"y": 225.88226550148244, "x": 72.70826288244643}, "Discard@9": {"y": 377.9164586431045, "x": 276.0408484824063}, "GetIPAddress@29": {"y": 175.27726908302475, "x": 938.5925461014735}, "Discard@16": {"y": 20, "x": 732.6975271755208}, "Discard@14": {"y": 20, "x": 1001.7914915754575}, "Discard@11": {"y": 284.31588459657115, "x": 1244.680436859448}, "GetIPAddress@8": {"y": 234.47622481184828, "x": 1036.2595376409927}, "ICMP6Error@23": {"y": 33.355988017337374, "x": 839.5931174437064}, "ICMP6Error@21": {"y": 150.19726395146498, "x": 167.13081485159842}, "Discard@18": {"y": 73.38588766828912, "x": 956.7998529419569}, "FromDevice@0": {"y": 425, "x": 61.17772860043908}, "rt6": {"y": 32.343590586962875, "x": 510.4731005284559}, "CheckIP6Header@26": {"y": 149.13870011065842, "x": 803.538334939935}, "Print@30": {"y": 406, "x": 843.1212324355864}, "Print@31": {"y": 165.82076165975707, "x": 367.10020549782223}, "pt46": {"y": 418, "x": 1214.9171909692209}, "Print@15": {"y": 20, "x": 657.1605757477416}, "c": {"y": 388.3074803018629, "x": 32.84335998136737}, "Print@17": {"y": 122.63703326148689, "x": 966.0870307303807}, "Print@10": {"y": 163.9340197187646, "x": 1237.014545148478}, "GetIP6Address@4": {"y": 20, "x": 150.53054969705556}, "to_eth0": {"y": 142.19693765335384, "x": 521.1578894292189}, "Print@13": {"y": 87.99599956658668, "x": 1068.8532326612683}, "nda": {"y": 280.56165473953456, "x": 239.26995788064187}, "CheckIPHeader@7": {"y": 418, "x": 476.14330909665364}, "Print@19": {"y": 47.811204256989015, "x": 437.2209728527861}, "DropBroadcasts@12": {"y": 227.6177056857307, "x": 1159.3231822027226}, "fr1": {"y": 304.61882282162514, "x": 1000.4281805762107}, "Strip@6": {"y": 421, "x": 174.28457758518732}, "pt64": {"y": 334.6514615405406, "x": 545.7417404559767}, "Strip@2": {"y": 284.7014656252371, "x": 31.59858483325604}, "nds": {"y": 119.54183097367505, "x": 294.11009946438014}, "dh2": {"y": 112.395336343379, "x": 879.6124306677056}, "dh1": {"y": 26.917686501902182, "x": 286.53230527743517}}