{"vnf_vl_8gxj": {"y": 307, "x": 504.27779918095735}, "eastExtCP_1": {"y": 244.84638187478117, "x": 1347.5629464431381}, "vnf_vl_z20j": {"y": 339.52044580933955, "x": 822.9190093754578}, "vnf_vdu_cp_za2z": {"y": 432.57024360569477, "x": 890.7991770506121}, "ns_vl_p82g": {"y": 322, "x": 721}, "vnf_vl_abv1": {"y": 65, "x": 717.7179634165408}, "vnf_vdu_cp_9j7s": {"y": 218.06437727614014, "x": 923.2185056671792}, "vnf_vl_2xjg": {"y": 165, "x": 1023}, "ns_vl_1k7c": {"y": 242, "x": 310}, "vnf_vdu_cp_i3wh": {"y": 135.00000762939453, "x": 599.9774084597374}, "vnf_vdu_cp_4854": {"y": 333.0837770092606, "x": 359.4911853777219}, "westExtCP_UOLTM_MEC": {"y": 241.42117171270712, "x": 193.26026974808576}, "vnf_vdu_cp_jalo": {"y": 250, "x": 892}, "ns_vl_mzev": {"y": 158, "x": 1286}, "trafficFilterDL": {"y": 319.84648344808755, "x": 909.4755782878997}, "GTPUDecap2": {"y": 181.00000762939453, "x": 1153.026}, "eastExtCP": {"y": 241, "x": 1169.026}, "vnf_vdu_cp_1auy": {"y": 399.53003870131806, "x": 1089.026}, "vnf_vdu_cp_jq0z": {"y": 377.87071704302775, "x": 968.0260000000001}, "GTPUDecap1": {"y": 185.33522170960705, "x": 155.26669581961391}, "trafficFilterUL": {"y": 261.5172359046444, "x": 437.2968694508909}, "vnf_vl_2mbu_UOLTM_MEC": {"y": 218.39443010424657, "x": 402.81764349323896}, "vnf_vl_2xjg_UOLTM_MEC": {"y": 209.46206603182122, "x": 963.2227658408826}, "vnf_vdu_cp_7o2o": {"y": 429.1578364509017, "x": 759.8575158394508}, "vnf_vl_8cud": {"y": 345.46815320638706, "x": 124.94292142010136}, "towardsCore": {"y": 309.00000762939453, "x": 1219.026}, "vnf_vl_sqk7": {"y": 293.8779212333436, "x": 695.4387632944919}, "UO_LTM_UOLTM_MEC": {"y": 237.49760123114163, "x": 707.6323903567634}, "ns_vl_j7lt": {"y": 137, "x": 974}, "eastExtCP_UOLTM_MEC": {"y": 292.5228065664743, "x": 1168.026}, "vnf_vdu_cp_0vbw": {"y": 419.4254446725251, "x": 96.4752151380905}, "ns_vl_g230": {"y": 286, "x": 971}, "ns_vl_tkai": {"y": 71, "x": 859}, "towardsAccess": {"y": 294.89427325706873, "x": 47}, "vnf_vl_1lc0": {"y": 258.537934568806, "x": 1005.0260000000001}, "GTPUEncap2": {"y": 429.02922977288335, "x": 991.0260000000001}, "GTPUEncap1": {"y": 428.584318604385, "x": 199.4681898042229}, "vnf_vdu_cp_ra11": {"y": 407.57291964661067, "x": 281.9509987240213}, "UO_Storage": {"y": 178, "x": 772}, "vnf_vdu_cp_jalo_UOLTM_MEC": {"y": 298.2630412780977, "x": 830.5157324428062}, "vnf_vl_6zm9": {"y": 276.4003524634675, "x": 297.0800211360165}, "UOLTM": {"y": 329, "x": 843}, "UOStorage": {"y": 169, "x": 1047.026}, "ns_vl_mq6e": {"y": 270, "x": 1333}, "westExtCP": {"y": 210, "x": 584}, "vnf_vdu_cp_hfud": {"y": 182.91677463662404, "x": 282.45908076164267}, "sapTowardsBBU": {"y": 272, "x": 110}, "ns_vl_4dy5": {"y": 145, "x": 497}, "ns_vl_t076": {"y": 281, "x": 1128}, "vnf_vdu_cp_vbnl": {"y": 376, "x": 563.2608813488229}, "vnf_vdu_cp_abfs": {"y": 205.8, "x": 539.6}, "vnf_vl_4o9f": {"y": 178, "x": 470}, "westExtCP_1": {"y": 250.08213295015594, "x": 148.04102599225098}, "towardsMEChost": {"y": 22, "x": 581.7388633116418}, "vnf_vl_a46r": {"y": 387, "x": 1167.026}, "westExtCP_2": {"y": 201.01332559777612, "x": 279.02093880884854}, "vnf_vdu_cp_1zep": {"y": 237.5149442476478, "x": 627.1019518708091}, "vnf_vdu_cp_apoq": {"y": 257.0970434853241, "x": 125.97955828035163}, "vnf_vl_2mbu": {"y": 210, "x": 311}, "towardsBBU": {"y": 280, "x": 710}, "vnf_vdu_cp_vjam": {"y": 158.00000762939453, "x": 1060.026}, "vnf_vdu_cp_6ta9": {"y": 380.4053113819357, "x": 439.92619002788524}, "UO_LTM": {"y": 238, "x": 719}, "SDNAT": {"y": 179.77412907318268, "x": 708.5151653296721}, "UOLTM_MEC": {"y": 80, "x": 668}, "vnf_vdu_cp_j4oy": {"y": 362.10577083780026, "x": 675.5936392082066}, "vnf_vdu_cp_116w": {"y": 188.1, "x": 622.4}, "ns_vl_x0jk": {"y": 149, "x": 1063}, "vnf_vdu_cp_abfs_UOLTM_MEC": {"y": 295.162615690012, "x": 548.1086744247797}, "router": {"y": 430.62992403280447, "x": 669.8568404148322}, "MECTOF": {"y": 291, "x": 498}, "vnf_vdu_cp_ousa": {"y": 272.00000762939453, "x": 1127.026}}