{"sea": {"y": 116.409224007, "x": 123.839740661},"ind": {"y": 284.401534281, "x": 575.878126714},"hchi": {"y": 226 ,"x": 549.650148336},"hatl": {"y": 445.869799535, "x": 696.063500309},"hsun": {"y": 270.682316138 ,"x": 30},"sun": {"y": 209.984431921 ,"x": 101.778295117},"hou": {"y": 364.919782008 ,"x": 427.568809928},"hind": {"y": 288.425259255 ,"x": 626.409633739},"nyc": {"y": 213.327845565, "x": 739},"hsea": {"y": 35, "x": 77},"lan": {"y": 298.942316383, "x": 117.374315645},"kan": {"y": 284.045481944, "x": 434.746604868},"hnyc": {"y": 211.266940623, "x": 823},"hkan": {"y": 299.07082737, "x": 380.338547938},"wdc": {"y": 315.804558774, "x": 713.956798121},"atl": {"y": 403.555942923, "x": 680.119522824},"hhou": {"y": 440.580354058, "x": 346.211194532},"den": {"y": 166.210666746, "x": 179.399916696},"chi": {"y": 222.71086555, "x": 651.767531994},"hden": {"y": 282.776415435, "x": 217.465372474},"hwdc": {"y": 294.753717795, "x": 777.223492853},"hlan": {"y": 355.511363126 ,"x": 90.2521810865}}
