{"c": {"y": 149.60779608644373, "x": 411.9831216537749}, "s1.rs": {"y": 274.20283767035687, "x": 792.0468332767151}, "s1": {"y": 91.51036350042588, "x": 589}, "s1.s4": {"y": 245.56726114312283, "x": 558.1542244458874}, "ToDevice@1": {"y": 229.65001225019785, "x": 265.71082570902547}, "ToDevice@2": {"y": 231.03067035310528, "x": 889.0858131073394}, "s1.t": {"y": 260.08457028500584, "x": 690.7098243431316}, "c2": {"y": 144.64349749882768, "x": 747.3830176362567}, "s1.s4.rs": {"y": 242.40909730638174, "x": 761.5434513634226}, "PollDevice@0": {"y": 298.38064423143305, "x": 585.5970821957916}, "s1.s4.t": {"y": 253.62789071473384, "x": 631.1842181292202}}