{"intVirtualLink21": {"y": 265.6289198453429, "x": 432.2218106726683}, "VduCp23": {"y": 168.65033392245698, "x": 548.2627039562574}, "VnfExtCp21": {"y": 356.22663060413123, "x": 432.0219958754578}, "vl1": {"y": 239.04020338323255, "x": 326.043374346037}, "VduCp22": {"y": 179.32291188520446, "x": 435.1704557266029}, "vl3": {"y": 383.63636797388216, "x": 526.4928044445636}, "vl2": {"y": 267.7409366586537, "x": 524.9087771852293}, "vl4": {"y": 243.60360604785598, "x": 706.0131730399504}, "VduCp21": {"y": 166.59385031175952, "x": 318.91373024104047}, "vdu21": {"y": 80.79287161178179, "x": 316.2129909248723}, "vdu22": {"y": 80.20005665488574, "x": 434.2201414314024}, "vdu23": {"y": 81.17529348076829, "x": 548.5559937376529}, "intVirtualLink11": {"y": 230.58132993970673, "x": 471.13872272034894}, "VduCp11": {"y": 128.06337424524853, "x": 472.11503234482194}, "intVirtualLink31": {"y": 242.00129900591918, "x": 445.54311105820904}, "VnfExtCp13": {"y": 350.62494491793086, "x": 613.7959049070903}, "VnfExtCp12": {"y": 351.62158079648736, "x": 474.5842774255974}, "VnfExtCp11": {"y": 350.07535709811805, "x": 335.0267931904743}, "VnfExtCp31": {"y": 322.09743782859914, "x": 317.3805041384283}, "VnfExtCp33": {"y": 322.2225597524995, "x": 575.155150580331}, "VnfExtCp32": {"y": 323.1987188910066, "x": 447.97845915575647}, "VduCp31": {"y": 155.13328347188224, "x": 441.98817662772984}, "vdu31": {"y": 71.62463382173931, "x": 443.36979679174476}, "vnf2": {"y": 110.03122819614285, "x": 527.8172165064856}, "vnf3": {"y": 176.3569426185916, "x": 633.0351508162677}, "vnf1": {"y": 182.92937130877925, "x": 416.3389536367703}, "vdu11": {"y": 60.84250213834074, "x": 472.3844825995312}, "sap1": {"y": 238.8957538530448, "x": 225.86165742012875}, "sap2": {"y": 248.63011587643246, "x": 805.1284973731047}}